{"options":{},"indexes":[{"v":{"$numberInt":"2"},"key":{"_id":{"$numberInt":"1"}},"name":"_id_","ns":"hrms.users"},{"v":{"$numberInt":"2"},"unique":true,"key":{"cin":{"$numberInt":"1"}},"name":"cin_1","background":true,"ns":"hrms.users"},{"v":{"$numberInt":"2"},"unique":true,"key":{"email":{"$numberInt":"1"}},"name":"email_1","background":true,"ns":"hrms.users"},{"v":{"$numberInt":"2"},"unique":true,"key":{"username":{"$numberInt":"1"}},"name":"username_1","ns":"hrms.users","background":true}],"uuid":"77c5ee218fca45b38fe37df8f22b5b67"}